﻿<?xml version="1.0" encoding="utf-8"?>
<HelpKI>
  <HelpKINode Title="Ace enumeration member" Url="html/7e12b6f3-19d1-b646-d624-ff8bea6037a9.htm" />
  <HelpKINode Title="Card class">
    <HelpKINode Title="Card Class" Url="html/91224f8c-2988-392e-5605-52d0ddcddc75.htm" />
    <HelpKINode Title="about Card class" Url="html/91224f8c-2988-392e-5605-52d0ddcddc75.htm" />
    <HelpKINode Title="constructor" Url="html/30b7bfde-4214-fe63-9af9-90ab7dc6f86f.htm" />
    <HelpKINode Title="methods" Url="html/51b7b2f1-eec3-89e0-2f62-ce49bcb6c31c.htm" />
    <HelpKINode Title="properties" Url="html/3edf1a2a-152c-13c5-ad73-c3dec1a48df3.htm" />
  </HelpKINode>
  <HelpKINode Title="Card.Card constructor" Url="html/30b7bfde-4214-fe63-9af9-90ab7dc6f86f.htm" />
  <HelpKINode Title="Card.FaceUp property" Url="html/74a28307-47d7-51fa-460d-adf68c73b37e.htm" />
  <HelpKINode Title="Card.FlipOver method" Url="html/ca7ff0dc-7a23-de20-87ec-79580c6b9ac7.htm" />
  <HelpKINode Title="Card.Rank property" Url="html/3f09465f-d99a-2add-1355-b8c895c89499.htm" />
  <HelpKINode Title="Card.Suit property" Url="html/d2541944-1642-618d-56df-eb08b9441904.htm" />
  <HelpKINode Title="Clubs enumeration member" Url="html/1cd2131b-2c3a-d68b-c6a8-b63cb44ae8f6.htm" />
  <HelpKINode Title="ConsoleCards namespace" Url="html/765e7479-afe7-0c47-2ba7-94ba777c4308.htm" />
  <HelpKINode Title="ConsoleCards.Card class" Url="html/91224f8c-2988-392e-5605-52d0ddcddc75.htm" />
  <HelpKINode Title="ConsoleCards.Deck class" Url="html/a8c13bbf-f3a0-c16c-8ad7-10405512ec71.htm" />
  <HelpKINode Title="ConsoleCards.Rank enumeration" Url="html/7e12b6f3-19d1-b646-d624-ff8bea6037a9.htm" />
  <HelpKINode Title="ConsoleCards.Suit enumeration" Url="html/1cd2131b-2c3a-d68b-c6a8-b63cb44ae8f6.htm" />
  <HelpKINode Title="Cut method" Url="html/61a52f90-f544-aa17-11ca-dfb4cd83bb45.htm" />
  <HelpKINode Title="Deck class">
    <HelpKINode Title="Deck Class" Url="html/a8c13bbf-f3a0-c16c-8ad7-10405512ec71.htm" />
    <HelpKINode Title="about Deck class" Url="html/a8c13bbf-f3a0-c16c-8ad7-10405512ec71.htm" />
    <HelpKINode Title="constructor" Url="html/e4494c09-012c-0989-657f-0d8f50318119.htm" />
    <HelpKINode Title="methods" Url="html/73df931c-4a08-2ccd-ed2c-33fd74b43163.htm" />
    <HelpKINode Title="properties" Url="html/1c770243-a397-6b60-cbd0-06baf67f3e89.htm" />
  </HelpKINode>
  <HelpKINode Title="Deck.Cut method" Url="html/61a52f90-f544-aa17-11ca-dfb4cd83bb45.htm" />
  <HelpKINode Title="Deck.Deck constructor" Url="html/e4494c09-012c-0989-657f-0d8f50318119.htm" />
  <HelpKINode Title="Deck.Empty property" Url="html/79d085f8-05a5-3b38-453f-3e465a01161a.htm" />
  <HelpKINode Title="Deck.Print method" Url="html/3780fa17-ddd4-1fff-4027-d8add8083bd5.htm" />
  <HelpKINode Title="Deck.Shuffle method" Url="html/5cc343b1-0d45-d18c-5944-a7ac23f8bcee.htm" />
  <HelpKINode Title="Deck.TakeTopCard method" Url="html/937cb629-8ea5-95c8-b789-01d37080fbf7.htm" />
  <HelpKINode Title="Diamonds enumeration member" Url="html/1cd2131b-2c3a-d68b-c6a8-b63cb44ae8f6.htm" />
  <HelpKINode Title="Eight enumeration member" Url="html/7e12b6f3-19d1-b646-d624-ff8bea6037a9.htm" />
  <HelpKINode Title="Empty property" Url="html/79d085f8-05a5-3b38-453f-3e465a01161a.htm" />
  <HelpKINode Title="FaceUp property" Url="html/74a28307-47d7-51fa-460d-adf68c73b37e.htm" />
  <HelpKINode Title="Five enumeration member" Url="html/7e12b6f3-19d1-b646-d624-ff8bea6037a9.htm" />
  <HelpKINode Title="FlipOver method" Url="html/ca7ff0dc-7a23-de20-87ec-79580c6b9ac7.htm" />
  <HelpKINode Title="Four enumeration member" Url="html/7e12b6f3-19d1-b646-d624-ff8bea6037a9.htm" />
  <HelpKINode Title="Hearts enumeration member" Url="html/1cd2131b-2c3a-d68b-c6a8-b63cb44ae8f6.htm" />
  <HelpKINode Title="Jack enumeration member" Url="html/7e12b6f3-19d1-b646-d624-ff8bea6037a9.htm" />
  <HelpKINode Title="King enumeration member" Url="html/7e12b6f3-19d1-b646-d624-ff8bea6037a9.htm" />
  <HelpKINode Title="Nine enumeration member" Url="html/7e12b6f3-19d1-b646-d624-ff8bea6037a9.htm" />
  <HelpKINode Title="Print method" Url="html/3780fa17-ddd4-1fff-4027-d8add8083bd5.htm" />
  <HelpKINode Title="Queen enumeration member" Url="html/7e12b6f3-19d1-b646-d624-ff8bea6037a9.htm" />
  <HelpKINode Title="Rank enumeration" Url="html/7e12b6f3-19d1-b646-d624-ff8bea6037a9.htm" />
  <HelpKINode Title="Rank property" Url="html/3f09465f-d99a-2add-1355-b8c895c89499.htm" />
  <HelpKINode Title="Seven enumeration member" Url="html/7e12b6f3-19d1-b646-d624-ff8bea6037a9.htm" />
  <HelpKINode Title="Shuffle method" Url="html/5cc343b1-0d45-d18c-5944-a7ac23f8bcee.htm" />
  <HelpKINode Title="Six enumeration member" Url="html/7e12b6f3-19d1-b646-d624-ff8bea6037a9.htm" />
  <HelpKINode Title="Spades enumeration member" Url="html/1cd2131b-2c3a-d68b-c6a8-b63cb44ae8f6.htm" />
  <HelpKINode Title="Suit enumeration" Url="html/1cd2131b-2c3a-d68b-c6a8-b63cb44ae8f6.htm" />
  <HelpKINode Title="Suit property" Url="html/d2541944-1642-618d-56df-eb08b9441904.htm" />
  <HelpKINode Title="TakeTopCard method" Url="html/937cb629-8ea5-95c8-b789-01d37080fbf7.htm" />
  <HelpKINode Title="Ten enumeration member" Url="html/7e12b6f3-19d1-b646-d624-ff8bea6037a9.htm" />
  <HelpKINode Title="Three enumeration member" Url="html/7e12b6f3-19d1-b646-d624-ff8bea6037a9.htm" />
  <HelpKINode Title="Two enumeration member" Url="html/7e12b6f3-19d1-b646-d624-ff8bea6037a9.htm" />
  <HelpKINode Title="version">
    <HelpKINode Title="1.0.0.0" Url="html/f3d57b1a-df3a-492f-8633-ec52fab82b10.htm" />
    <HelpKINode Title="history" Url="html/23dad341-5ead-4a6a-bfef-38b0145a3cd0.htm" />
  </HelpKINode>
  <HelpKINode Title="Welcome" Url="html/94a0ed19-5ee9-438b-963c-05bdd0b7526f.htm" />
</HelpKI>
