﻿<?xml version="1.0" encoding="utf-8"?>
<HelpTOC>

  <HelpTOCNode Title="Welcome to the [TODO: Add project name]" Url="html/94a0ed19-5ee9-438b-963c-05bdd0b7526f.htm" />
  <HelpTOCNode Id="aa113604-66db-428a-96e0-5fa87d41608f" Title="Version History" Url="html/23dad341-5ead-4a6a-bfef-38b0145a3cd0.htm">
    <HelpTOCNode Title="Version 1.0.0.0" Url="html/f3d57b1a-df3a-492f-8633-ec52fab82b10.htm" />
  </HelpTOCNode>
  <HelpTOCNode Id="cb1e835e-0ac6-4586-a0d7-1674bd01f28a" Title="ConsoleCards" Url="html/765e7479-afe7-0c47-2ba7-94ba777c4308.htm">
    <HelpTOCNode Id="7ecdbcba-1a20-4f89-9bf0-b83faaffbec4" Title="Card Class" Url="html/91224f8c-2988-392e-5605-52d0ddcddc75.htm">
      <HelpTOCNode Title="Card Constructor " Url="html/30b7bfde-4214-fe63-9af9-90ab7dc6f86f.htm" />
      <HelpTOCNode Id="939886d9-3236-475b-acfe-62d4a41b1541" Title="Card Properties" Url="html/3edf1a2a-152c-13c5-ad73-c3dec1a48df3.htm">
        <HelpTOCNode Title="FaceUp Property " Url="html/74a28307-47d7-51fa-460d-adf68c73b37e.htm" />
        <HelpTOCNode Title="Rank Property " Url="html/3f09465f-d99a-2add-1355-b8c895c89499.htm" />
        <HelpTOCNode Title="Suit Property " Url="html/d2541944-1642-618d-56df-eb08b9441904.htm" />
      </HelpTOCNode>
      <HelpTOCNode Id="e697b7fb-5cd2-4cf5-b63f-c198f94a80fa" Title="Card Methods" Url="html/51b7b2f1-eec3-89e0-2f62-ce49bcb6c31c.htm">
        <HelpTOCNode Title="FlipOver Method " Url="html/ca7ff0dc-7a23-de20-87ec-79580c6b9ac7.htm" />
      </HelpTOCNode>
    </HelpTOCNode>
    <HelpTOCNode Id="1dd43a45-0f08-4b76-823c-c87efb47539b" Title="Deck Class" Url="html/a8c13bbf-f3a0-c16c-8ad7-10405512ec71.htm">
      <HelpTOCNode Title="Deck Constructor " Url="html/e4494c09-012c-0989-657f-0d8f50318119.htm" />
      <HelpTOCNode Id="d3c40e88-111c-491c-8b3e-a60c5c44bfd4" Title="Deck Properties" Url="html/1c770243-a397-6b60-cbd0-06baf67f3e89.htm">
        <HelpTOCNode Title="Empty Property " Url="html/79d085f8-05a5-3b38-453f-3e465a01161a.htm" />
      </HelpTOCNode>
      <HelpTOCNode Id="c43cc25d-9605-4400-8c42-0904769c5e90" Title="Deck Methods" Url="html/73df931c-4a08-2ccd-ed2c-33fd74b43163.htm">
        <HelpTOCNode Title="Cut Method " Url="html/61a52f90-f544-aa17-11ca-dfb4cd83bb45.htm" />
        <HelpTOCNode Title="Print Method " Url="html/3780fa17-ddd4-1fff-4027-d8add8083bd5.htm" />
        <HelpTOCNode Title="Shuffle Method " Url="html/5cc343b1-0d45-d18c-5944-a7ac23f8bcee.htm" />
        <HelpTOCNode Title="TakeTopCard Method " Url="html/937cb629-8ea5-95c8-b789-01d37080fbf7.htm" />
      </HelpTOCNode>
    </HelpTOCNode>
    <HelpTOCNode Title="Rank Enumeration" Url="html/7e12b6f3-19d1-b646-d624-ff8bea6037a9.htm" />
    <HelpTOCNode Title="Suit Enumeration" Url="html/1cd2131b-2c3a-d68b-c6a8-b63cb44ae8f6.htm" />
  </HelpTOCNode>
</HelpTOC>
